{
    "datetime": "19-11-2022 17:44:56",
    "batch_size": 1,
    "learning_rate": 0.01,
    "layer_sizes": {
        "n_inputs": 2,
        "n_hidden": 3,
        "n_outputs": 2
    },
    "mean_stats": {
        "train": {
            "loss_per_epoch": [
                0.6891641679897437,
                0.6883906233662666,
                0.6855991625909127,
                0.4939380238272631,
                0.20979130378853258,
                0.15088017943748144,
                0.10054222797356237,
                0.08408996334467883,
                0.07564656574989244,
                0.07006447115459873,
                0.0659476346080099,
                0.06271448994906505,
                0.06007189270865748,
                0.05785224168996216,
                0.05595034694206592,
                0.05429542982509717,
                0.052837366718062495,
                0.05153930614179638,
                0.05037338589773148,
                0.04931807920393113,
                0.04835646039208724,
                0.0474750236585851,
                0.04666285256604956,
                0.04591102164813382,
                0.04521215678864506,
                0.044560107056070844,
                0.04394969638982841,
                0.04337653345098894,
                0.04283686443311281,
                0.04232745798808121,
                0.04184551441980606,
                0.04138859339792258,
                0.04095455593544811,
                0.040541517448007186,
                0.04014780949333109,
                0.039771948363622404,
                0.039412609128820844,
                0.03906860404685346,
                0.03873886449662401,
                0.038422425771490416,
                0.038118414210121486,
                0.03782603624887479,
                0.03754456906290553,
                0.037273352528152996,
                0.03701178228726099,
                0.03675930374278801,
                0.03651540683306819,
                0.03627962147166344,
                0.036051513551934665,
                0.03583068143486267,
                0.0356167528517723,
                0.035409382164614776,
                0.03520824793551159,
                0.035013050764709105,
                0.034823511362254096,
                0.03463936882382648,
                0.03446037908543141,
                0.03428631353524711,
                0.03411695776392718,
                0.03395211043720456,
                0.0337915822767979,
                0.03363519513745325,
                0.03348278116951373,
                0.0333341820577582,
                0.03318924832837149,
                0.033047838716936465,
                0.03290981959114897,
                0.03277506442272182,
                0.03264345330358157,
                0.032514872502006,
                0.032389214054853024,
                0.032266375392443467,
                0.03214625899304121,
                0.032028772064199885,
                0.03191382624852671,
                0.03180133735167969,
                0.031691225090624754,
                0.03158341286039242,
                0.03147782751773409,
                0.03137439918025045,
                0.031273061039691526,
                0.031173749188256272,
                0.03107640245683146,
                0.030980962264205936,
                0.030887372476390732,
                0.030795579275242548,
                0.0307055310356749,
                0.03061717821079967,
                0.03053047322438641,
                0.030445370370104943,
                0.030361825717039482,
                0.03027979702101946,
                0.030199243641348746,
                0.030120126462535597,
                0.03004240782068598,
                0.029966051434222152,
                0.02989102233862825,
                0.029817286824957757,
                0.029744812381829595,
                0.029673567640700095
            ],
            "acc_per_epoch": [
                0.5408,
                0.5543,
                0.5531333333333334,
                0.7817166666666666,
                0.93595,
                0.9488333333333333,
                0.9770833333333333,
                0.98215,
                0.98315,
                0.9841,
                0.9848666666666667,
                0.9854833333333334,
                0.9862166666666666,
                0.9865833333333334,
                0.9870166666666667,
                0.9873666666666666,
                0.9876166666666667,
                0.98795,
                0.9881,
                0.98825,
                0.9884666666666667,
                0.98865,
                0.98885,
                0.9889166666666667,
                0.9889333333333333,
                0.9889833333333333,
                0.9891,
                0.9891833333333333,
                0.9893166666666666,
                0.98935,
                0.9894833333333334,
                0.9895166666666667,
                0.9896666666666667,
                0.9897333333333334,
                0.98975,
                0.9897666666666667,
                0.9898,
                0.98985,
                0.98985,
                0.98985,
                0.9899,
                0.9899333333333333,
                0.9899,
                0.9899833333333333,
                0.9899833333333333,
                0.99,
                0.9900166666666667,
                0.9900333333333333,
                0.9900833333333333,
                0.9900833333333333,
                0.9902,
                0.99025,
                0.9902833333333333,
                0.9903333333333333,
                0.9903666666666666,
                0.9903833333333333,
                0.9904333333333334,
                0.9905,
                0.9905,
                0.9905333333333334,
                0.9905666666666667,
                0.9905833333333334,
                0.9906166666666667,
                0.9906333333333334,
                0.9906833333333334,
                0.9906833333333334,
                0.9907166666666667,
                0.9907,
                0.9907333333333334,
                0.9907666666666667,
                0.9907666666666667,
                0.99075,
                0.9907333333333334,
                0.9907666666666667,
                0.9907833333333333,
                0.9908,
                0.9908333333333333,
                0.9908333333333333,
                0.99085,
                0.9909,
                0.9909,
                0.9909,
                0.9909,
                0.99095,
                0.9909166666666667,
                0.9909166666666667,
                0.9909,
                0.9909,
                0.9909,
                0.9909333333333333,
                0.9909333333333333,
                0.9909166666666667,
                0.9909166666666667,
                0.9909166666666667,
                0.9909666666666667,
                0.99095,
                0.99095,
                0.9909666666666667,
                0.9909833333333333,
                0.991
            ]
        }
    }
}