{
    "datetime": "19-11-2022 17:44:57",
    "batch_size": 1,
    "learning_rate": 0.01,
    "layer_sizes": {
        "n_inputs": 2,
        "n_hidden": 3,
        "n_outputs": 2
    },
    "mean_stats": {
        "train": {
            "loss_per_epoch": [
                0.6887189820885279,
                0.6884512410762501,
                0.6882279742698603,
                0.6876689963649059,
                0.6631715216603635,
                0.3086446360402468,
                0.194173380231475,
                0.18305033877793933,
                0.1583872415478558,
                0.10465942131876502,
                0.08464446096789972,
                0.07631326614408472,
                0.07079150866122193,
                0.06666448759497806,
                0.06339000876357984,
                0.06069589440899869,
                0.05842436731436867,
                0.05647436292897749,
                0.054776448540871825,
                0.053280586177700325,
                0.05194950445136441,
                0.05075476688641221,
                0.04967426817136186,
                0.04869055590239298,
                0.04778966430622718,
                0.046960282347651594,
                0.046193148422481706,
                0.04548060273495267,
                0.04481625165195029,
                0.04419471288183725,
                0.04361141980714351,
                0.04306246964743421,
                0.04254450446600077,
                0.04205461704707867,
                0.04159027579235893,
                0.04114926429829175,
                0.04072963236583652,
                0.04032965598801481,
                0.03994780444397895,
                0.03958271306101883,
                0.03923316052963709,
                0.03889804990110128,
                0.038576392582598144,
                0.038267294787446136,
                0.03796994600773334,
                0.03768360916216486,
                0.03740761213877302,
                0.03714134050484752,
                0.03688423119818101,
                0.036635767047071,
                0.03639547199319333,
                0.036162906913034296,
                0.035937665951018674,
                0.035719373291700295,
                0.03550768031001474,
                0.035302263048193484,
                0.03510281997581382,
                0.03490906999604332,
                0.03472075066658792,
                0.03453761660840278,
                0.03435943807908778,
                0.03418599969106834,
                0.034017099257425805,
                0.033852546750525916,
                0.0336921633605537,
                0.03353578064275959,
                0.03338323974362393,
                0.033234390697391765,
                0.033089091785481674,
                0.03294720895218021,
                0.03280861527081995,
                0.032673190455328766,
                0.032540820412612706,
                0.03241139683177212,
                0.032284816806587874,
                0.032160982488104325,
                0.032039800764490464,
                0.03192118296566424,
                0.03180504459041481,
                0.03169130505401466,
                0.031579887454504865,
                0.03147071835602776,
                0.0313637275877363,
                0.03125884805697123,
                0.031156015575499824,
                0.031055168697747035,
                0.030956248570040455,
                0.030859198789983,
                0.030763965275155,
                0.03067049614040518,
                0.03057874158308464,
                0.030488653775592515,
                0.03040018676470997,
                0.03031329637719419,
                0.030227940131184836,
                0.030144077152997,
                0.030061668098912347,
                0.029980675081615615,
                0.029901061600952007,
                0.02982279247870061
            ],
            "acc_per_epoch": [
                0.5538166666666666,
                0.55485,
                0.55535,
                0.5552333333333334,
                0.5833833333333334,
                0.9281166666666667,
                0.9339,
                0.9334666666666667,
                0.94165,
                0.9691666666666666,
                0.9808333333333333,
                0.9824666666666667,
                0.98325,
                0.9844166666666667,
                0.9851666666666666,
                0.9858666666666667,
                0.9865833333333334,
                0.98735,
                0.98775,
                0.98805,
                0.9883666666666666,
                0.9885333333333334,
                0.9887,
                0.9889166666666667,
                0.9890333333333333,
                0.9891,
                0.9891833333333333,
                0.9892666666666666,
                0.9894333333333334,
                0.9897,
                0.9897333333333334,
                0.98975,
                0.9897833333333333,
                0.9899,
                0.9899333333333333,
                0.99,
                0.9900833333333333,
                0.99015,
                0.99015,
                0.9902,
                0.99025,
                0.9902833333333333,
                0.99035,
                0.9904,
                0.9905,
                0.99055,
                0.99055,
                0.9905666666666667,
                0.9905,
                0.9905166666666667,
                0.9906,
                0.9906833333333334,
                0.9907,
                0.99065,
                0.9906833333333334,
                0.9907,
                0.9907333333333334,
                0.99075,
                0.9908833333333333,
                0.9909,
                0.9908833333333333,
                0.9908666666666667,
                0.9908833333333333,
                0.9909166666666667,
                0.9909333333333333,
                0.9909333333333333,
                0.99095,
                0.9909166666666667,
                0.9909666666666667,
                0.9909833333333333,
                0.9910166666666667,
                0.9909833333333333,
                0.9909833333333333,
                0.9910166666666667,
                0.9910666666666667,
                0.9911166666666666,
                0.9911833333333333,
                0.9912333333333333,
                0.9912333333333333,
                0.99125,
                0.99125,
                0.99125,
                0.9912666666666666,
                0.9913,
                0.9913,
                0.9913333333333333,
                0.9913333333333333,
                0.9913333333333333,
                0.9913666666666666,
                0.99135,
                0.9913666666666666,
                0.9913333333333333,
                0.99135,
                0.9913666666666666,
                0.9913833333333333,
                0.9914,
                0.9914,
                0.9914,
                0.9913333333333333,
                0.9913666666666666
            ]
        }
    }
}