{
    "datetime": "19-11-2022 17:37:29",
    "batch_size": 1,
    "learning_rate": 0.01,
    "layer_sizes": {
        "n_inputs": 2,
        "n_hidden": 3,
        "n_outputs": 2
    },
    "mean_stats": {
        "train": {
            "loss_per_epoch": [
                0.6886630092247501,
                0.6879765876056455,
                0.6782251588230384,
                0.4168887983781372,
                0.20421322482285953,
                0.1880489162012318,
                0.18406721205314028,
                0.18004932382062247,
                0.15725501898363128,
                0.10792509068807105,
                0.09015286788435022,
                0.0820387321322136,
                0.07655769307436382,
                0.07244165309210736,
                0.06915328554519917,
                0.06642300865523106,
                0.06409807538591232,
                0.062082690996252715,
                0.06031175540793369,
                0.0587383911712983,
                0.05732749963205962,
                0.05605210517885259,
                0.05489108504894076,
                0.05382765458477024,
                0.05284830631948073,
                0.05194204421330758,
                0.05109982031885119,
                0.05031411474101979,
                0.049578618941775496,
                0.048887994503370835,
                0.04823768753339997,
                0.047623784474844395,
                0.04704289900717982,
                0.04649208250780787,
                0.045968752530860926,
                0.04547063518929827,
                0.044995718360383075,
                0.044542213388849936,
                0.04410852351649295,
                0.04369321767786093,
                0.04329500860882914,
                0.04291273444626694,
                0.04254534317271932,
                0.0421918793945947,
                0.041851473046028,
                0.041523329691189444,
                0.04120672216077607,
                0.040900983307998434,
                0.04060549970869367,
                0.04031970616141482,
                0.04004308086851922,
                0.039775141199420785,
                0.03951543995361397,
                0.03926356205438327,
                0.03901912161506851,
                0.03878175932873013,
                0.0385511401394812,
                0.03832695115995183,
                0.03810889980444273,
                0.03789671211168553,
                0.037690131234698644,
                0.03748891607831688,
                0.03729284006753675,
                0.037101690032024,
                0.03691526519402024,
                0.03673337624845845,
                0.03655584452551283,
                0.036382501226962856,
                0.036213186728800154,
                0.03604774994337336,
                0.035886047735157384,
                0.03572794438488626,
                0.03557331109739157,
                0.03542202554898058,
                0.035273971470661906,
                0.03512903826389806,
                0.03498712064592571,
                0.03484811832199164,
                0.03471193568211632,
                0.03457848152023923,
                0.03444766877381969,
                0.0343194142821464,
                0.034193638561790723,
                0.034070265597772764,
                0.033949222649157194,
                0.03383044006791044,
                0.03371385112995914,
                0.033599391877484605,
                0.033487000971579556,
                0.033376619554468336,
                0.03326819112055541,
                0.03316166139564922,
                0.03305697822374205,
                0.032954091460793686,
                0.03285295287501442,
                0.032753516053172706,
                0.032655736312499954,
                0.032559570617805816,
                0.03246497750343282,
                0.03237191699972269
            ],
            "acc_per_epoch": [
                0.5542333333333334,
                0.5551333333333334,
                0.5471166666666667,
                0.8474,
                0.9345333333333333,
                0.9327333333333333,
                0.933,
                0.9340666666666667,
                0.9418,
                0.9684166666666667,
                0.9799833333333333,
                0.9815833333333334,
                0.9823166666666666,
                0.9831666666666666,
                0.98395,
                0.9846833333333334,
                0.9852833333333333,
                0.9857666666666667,
                0.9862333333333333,
                0.98675,
                0.9871833333333333,
                0.9875333333333334,
                0.9877333333333334,
                0.98805,
                0.9882166666666666,
                0.9884166666666667,
                0.9886333333333334,
                0.9888333333333333,
                0.98895,
                0.98905,
                0.9891833333333333,
                0.9892,
                0.98925,
                0.9893166666666666,
                0.9894,
                0.9895,
                0.98955,
                0.9896333333333334,
                0.9898333333333333,
                0.9899,
                0.98995,
                0.9899833333333333,
                0.99005,
                0.9901,
                0.9900333333333333,
                0.9901,
                0.9902,
                0.9902,
                0.9902833333333333,
                0.9904,
                0.9904666666666667,
                0.9905,
                0.9905666666666667,
                0.9906,
                0.9906833333333334,
                0.9907166666666667,
                0.99075,
                0.9907833333333333,
                0.9907833333333333,
                0.9907666666666667,
                0.9907666666666667,
                0.9908,
                0.9908666666666667,
                0.99085,
                0.99085,
                0.9908833333333333,
                0.9909,
                0.9909166666666667,
                0.9909333333333333,
                0.9909833333333333,
                0.991,
                0.9910333333333333,
                0.9910666666666667,
                0.9910666666666667,
                0.99105,
                0.99105,
                0.9910666666666667,
                0.9910666666666667,
                0.9910833333333333,
                0.9910833333333333,
                0.9911,
                0.9911166666666666,
                0.9911333333333333,
                0.99115,
                0.9911833333333333,
                0.9911833333333333,
                0.9911833333333333,
                0.9912,
                0.9911833333333333,
                0.9912333333333333,
                0.9913,
                0.9912833333333333,
                0.9913,
                0.9913,
                0.9913333333333333,
                0.9913,
                0.9913,
                0.9913,
                0.9913166666666666,
                0.9913833333333333
            ]
        }
    }
}