{
    "datetime": "19-11-2022 17:44:59",
    "batch_size": 1,
    "learning_rate": 0.01,
    "layer_sizes": {
        "n_inputs": 2,
        "n_hidden": 3,
        "n_outputs": 2
    },
    "mean_stats": {
        "train": {
            "loss_per_epoch": [
                0.6888617265440493,
                0.6885739913763782,
                0.688452510131491,
                0.6882803171147803,
                0.6878401146257591,
                0.6810169008085764,
                0.4683698146929307,
                0.19280973763403983,
                0.11398559246960699,
                0.0894390617982319,
                0.07843137489042229,
                0.0717893763910365,
                0.0671741888753618,
                0.06369020412934671,
                0.060915468286185784,
                0.058622154286621535,
                0.05667500383142567,
                0.05498790315385376,
                0.053502990121798585,
                0.05217967319520004,
                0.05098845082291391,
                0.04990723683344095,
                0.04891907512464216,
                0.048010663613912756,
                0.047171369575243226,
                0.04639255413007849,
                0.045667097309633246,
                0.04498905678718697,
                0.04435341783182056,
                0.043755906843138424,
                0.043192850049723334,
                0.04266106484478233,
                0.04215777508019129,
                0.04168054420454165,
                0.041227221871301824,
                0.040795900843879296,
                0.04038488186530699,
                0.03999264475720673,
                0.03961782444192027,
                0.03925919089394381,
                0.038915632256521525,
                0.03858614053002163,
                0.03826979936696187,
                0.03796577360576166,
                0.03767330024970858,
                0.037391680655061474,
                0.037120273736935945,
                0.036858490036750804,
                0.036605786522803725,
                0.036361662017708254,
                0.03612565316425485,
                0.035897330855632785,
                0.035676297067726154,
                0.035462182040770486,
                0.03525464176561041,
                0.03505335573636894,
                0.03485802493679523,
                0.03466837003216826,
                0.03448412974248135,
                0.034305059375890234,
                0.03413092950418663,
                0.033961524764403866,
                0.033796642772685744,
                0.03363609313826735,
                0.03347969656692459,
                0.03332728404449834,
                0.03317869609225117,
                0.03303378208673614,
                0.032892399637736824,
                0.03275441401852957,
                0.032619697643393376,
                0.03248812958782205,
                0.03235959514740938,
                0.032233985431789874,
                0.032111196990415335,
                0.031991131467268466,
                0.03187369528192424,
                0.03175879933462414,
                0.031646358733269125,
                0.03153629254043254,
                0.03142852353869885,
                0.03132297801277694,
                0.031219585546996838,
                0.031118278836931402,
                0.031018993513989134,
                0.030921667981945945,
                0.030826243264463014,
                0.030732662862738715,
                0.03064087262250342,
                0.03055082060964456,
                0.030462456993813402,
                0.03037573393940429,
                0.030290605503380807,
                0.030207027539426744,
                0.030124957607977062,
                0.030044354891707415,
                0.029965180116088574,
                0.02988739547465834,
                0.02981096455867862,
                0.02973585229087982
            ],
            "acc_per_epoch": [
                0.5541333333333334,
                0.5547833333333333,
                0.55555,
                0.55565,
                0.5546666666666666,
                0.5173666666666666,
                0.7857666666666666,
                0.9427,
                0.9785833333333334,
                0.9837833333333333,
                0.9840333333333333,
                0.98425,
                0.9849833333333333,
                0.98545,
                0.9858333333333333,
                0.98635,
                0.9866833333333334,
                0.98705,
                0.9873166666666666,
                0.9875666666666667,
                0.9877666666666667,
                0.988,
                0.9882,
                0.9883166666666666,
                0.9885333333333334,
                0.98855,
                0.9888,
                0.9889833333333333,
                0.9890833333333333,
                0.98935,
                0.9894666666666667,
                0.9895666666666667,
                0.9896333333333334,
                0.9897166666666667,
                0.9898333333333333,
                0.9898666666666667,
                0.9899166666666667,
                0.98995,
                0.9900166666666667,
                0.9901,
                0.9901833333333333,
                0.9902666666666666,
                0.99035,
                0.9904,
                0.9904666666666667,
                0.9905333333333334,
                0.9905333333333334,
                0.99055,
                0.9905666666666667,
                0.9906333333333334,
                0.9907,
                0.9907,
                0.9907666666666667,
                0.9908,
                0.9908166666666667,
                0.9908333333333333,
                0.9908833333333333,
                0.9909333333333333,
                0.9909,
                0.9908666666666667,
                0.9909,
                0.9909,
                0.9910166666666667,
                0.9911,
                0.9910333333333333,
                0.9911,
                0.9911166666666666,
                0.9911833333333333,
                0.9911666666666666,
                0.99115,
                0.9912,
                0.99125,
                0.99125,
                0.9912333333333333,
                0.9912666666666666,
                0.9912333333333333,
                0.9912666666666666,
                0.9913166666666666,
                0.9913333333333333,
                0.9913333333333333,
                0.9913166666666666,
                0.9913333333333333,
                0.99135,
                0.99135,
                0.99135,
                0.9913333333333333,
                0.9913,
                0.9913,
                0.9913,
                0.9913166666666666,
                0.9912833333333333,
                0.9912833333333333,
                0.9913333333333333,
                0.9913333333333333,
                0.9913333333333333,
                0.9913166666666666,
                0.9913,
                0.9913166666666666,
                0.99135,
                0.9913833333333333
            ]
        }
    }
}