{
    "datetime": "19-11-2022 17:44:58",
    "batch_size": 1,
    "learning_rate": 0.01,
    "layer_sizes": {
        "n_inputs": 2,
        "n_hidden": 3,
        "n_outputs": 2
    },
    "mean_stats": {
        "train": {
            "loss_per_epoch": [
                0.6887916299299602,
                0.6883561221974839,
                0.687936136460008,
                0.6856702568508185,
                0.5841920488003495,
                0.20918070970569316,
                0.11416211258761545,
                0.08997534192449237,
                0.07900486216308801,
                0.07241023193803953,
                0.06782898947903546,
                0.0643654775787734,
                0.06160058129603887,
                0.05930923964680686,
                0.05735842893913319,
                0.05566373545176381,
                0.054168552992537145,
                0.05283320157043993,
                0.051628833222665434,
                0.050533825958804464,
                0.04953155042799638,
                0.04860893227728881,
                0.04775549544963332,
                0.04696270686585272,
                0.04622351601459344,
                0.04553202412952582,
                0.04488324165951321,
                0.0442729072211014,
                0.04369735020813672,
                0.043153384953454124,
                0.04263822806433538,
                0.042149433032423834,
                0.041684837898918296,
                0.04124252291383557,
                0.0408207759384601,
                0.04041806391522617,
                0.04003300914260588,
                0.03966436939332749,
                0.03931102113551187,
                0.03897194528088201,
                0.038646215007808266,
                0.03833298530082063,
                0.03803148392004386,
                0.037741003569591425,
                0.03746089507729012,
                0.037190561432181114,
                0.03692945255327544,
                0.03667706068464487,
                0.03643291632931907,
                0.03619658464856078,
                0.03596766226460176,
                0.035745774414375625,
                0.03553057240960811,
                0.03532173136508705,
                0.03511894816239139,
                0.03492193962088135,
                0.034730440851597856,
                0.03454420377296767,
                0.034362995769967826,
                0.034186598480758446,
                0.03401480669680959,
                0.033847427364280654,
                0.033684278675898356,
                0.03352518924387858,
                0.03336999734553497,
                0.03321855023421208,
                0.03307070350899751,
                0.03292632053743603,
                0.03278527192607816,
                0.0326474350342909,
                0.0325126935272367,
                0.03238093696436943,
                0.03225206042017421,
                0.03212596413423482,
                0.03200255318798833,
                0.03188173720581333,
                0.03176343007832217,
                0.03164754970594637,
                0.03153401776108298,
                0.031422759467243135,
                0.031313703393787334,
                0.03120678126497171,
                0.03110192778214265,
                0.030999080458020186,
                0.030898179462128313,
                0.03079916747647901,
                0.030701989560732793,
                0.030606593026103964,
                0.030512927317347553,
                0.03042094390222952,
                0.030330596167920387,
                0.030241839323808972,
                0.030154630310274166,
                0.03006892771297831,
                0.029984691682307947,
                0.02990188385758375,
                0.029820467295720198,
                0.02974040640402712,
                0.029661666876869053,
                0.029584215635926517
            ],
            "acc_per_epoch": [
                0.5533666666666667,
                0.5544666666666667,
                0.5530666666666667,
                0.54035,
                0.6701333333333334,
                0.9525833333333333,
                0.9800333333333333,
                0.9830333333333333,
                0.98335,
                0.9838,
                0.9846166666666667,
                0.9853,
                0.9859,
                0.9863666666666666,
                0.9869,
                0.9871,
                0.9874833333333334,
                0.9877166666666667,
                0.9880333333333333,
                0.9882166666666666,
                0.9883,
                0.9884833333333334,
                0.9888666666666667,
                0.9890333333333333,
                0.9891166666666666,
                0.9892833333333333,
                0.9895,
                0.9896166666666667,
                0.9896666666666667,
                0.9898333333333333,
                0.9899666666666667,
                0.9901333333333333,
                0.9902333333333333,
                0.9902666666666666,
                0.9902833333333333,
                0.99035,
                0.9903333333333333,
                0.9904333333333334,
                0.9904666666666667,
                0.9905166666666667,
                0.9905166666666667,
                0.9905166666666667,
                0.9905833333333334,
                0.99065,
                0.9907,
                0.9906333333333334,
                0.99065,
                0.9906833333333334,
                0.9907166666666667,
                0.9907166666666667,
                0.9908,
                0.9908666666666667,
                0.9908666666666667,
                0.9909333333333333,
                0.9909666666666667,
                0.9909833333333333,
                0.9910333333333333,
                0.9910833333333333,
                0.99105,
                0.9911,
                0.9911166666666666,
                0.99115,
                0.99115,
                0.9911666666666666,
                0.9911666666666666,
                0.9912333333333333,
                0.9912666666666666,
                0.9912833333333333,
                0.9913,
                0.9913,
                0.9913666666666666,
                0.9914166666666666,
                0.9915166666666667,
                0.99155,
                0.9915333333333334,
                0.9915166666666667,
                0.9915333333333334,
                0.9915333333333334,
                0.99155,
                0.99155,
                0.99155,
                0.99155,
                0.9915833333333334,
                0.9916,
                0.99155,
                0.9915666666666667,
                0.9915833333333334,
                0.9915833333333334,
                0.9915833333333334,
                0.9915833333333334,
                0.9916,
                0.9916333333333334,
                0.9916166666666667,
                0.9916166666666667,
                0.9916166666666667,
                0.99165,
                0.9916833333333334,
                0.9917,
                0.9917,
                0.9917
            ]
        }
    }
}