{
    "datetime": "18-11-2022 13:32:44",
    "batch_size": 32,
    "learning_rate": 0.01,
    "layer_sizes": {
        "n_inputs": 784,
        "n_hidden": 300,
        "n_outputs": 10
    },
    "mean_stats": {
        "train": {
            "loss_per_epoch": [
                1.761300853618055,
                0.7575462957312992,
                0.603316731237842,
                0.5259704051688132,
                0.4760675067252735
            ],
            "acc_per_epoch": [
                0.5684748885010664,
                0.7826861547411286,
                0.827097876672484,
                0.8486765561372891,
                0.8633168508822959
            ]
        },
        "val": {
            "loss_per_epoch": [
                0.7695041483953887,
                0.548491381509475,
                0.46305019858867147,
                0.4139154973634997,
                0.3806525380087124
            ],
            "acc_per_epoch": [
                0.7814490445859873,
                0.8439490445859873,
                0.8644506369426752,
                0.878781847133758,
                0.8877388535031847
            ]
        }
    }
}