{
    "datetime": "18-11-2022 13:36:43",
    "batch_size": 32,
    "learning_rate": 0.01,
    "layer_sizes": {
        "n_inputs": 784,
        "n_hidden": 300,
        "n_outputs": 10
    },
    "mean_stats": {
        "train": {
            "loss_per_epoch": [
                1.9128611444245198,
                0.7884294795427318,
                0.6156101075191855,
                0.5313246973834748,
                0.4781627803153958
            ],
            "acc_per_epoch": [
                0.5581127593562148,
                0.7742994958309094,
                0.8217592592592593,
                0.8455982160170641,
                0.8610747527632344
            ]
        },
        "val": {
            "loss_per_epoch": [
                0.7601891474120426,
                0.5279740230604008,
                0.4408595219562154,
                0.39204607528548097,
                0.359450660398675
            ],
            "acc_per_epoch": [
                0.7752786624203821,
                0.8393710191082803,
                0.8654458598726115,
                0.8821656050955414,
                0.893312101910828
            ]
        }
    }
}