{
    "datetime": "18-11-2022 13:39:22",
    "batch_size": 32,
    "learning_rate": 0.01,
    "layer_sizes": {
        "n_inputs": 784,
        "n_hidden": 300,
        "n_outputs": 10
    },
    "mean_stats": {
        "train": {
            "loss_per_epoch": [
                1.820929524452732,
                0.7677107882111711,
                0.6121811979099359,
                0.5339169614762399,
                0.4832858572641902
            ],
            "acc_per_epoch": [
                0.555737347294939,
                0.7768748788055071,
                0.8216198855923986,
                0.8449316463059918,
                0.8598203897614892
            ]
        },
        "val": {
            "loss_per_epoch": [
                0.7658444553714867,
                0.5468868130957489,
                0.4626062567324665,
                0.4146611822867473,
                0.38246510009087
            ],
            "acc_per_epoch": [
                0.7746815286624203,
                0.8377786624203821,
                0.8630573248407644,
                0.878781847133758,
                0.8901273885350318
            ]
        }
    }
}