{
    "datetime": "18-11-2022 13:41:54",
    "batch_size": 32,
    "learning_rate": 0.01,
    "layer_sizes": {
        "n_inputs": 784,
        "n_hidden": 300,
        "n_outputs": 10
    },
    "mean_stats": {
        "train": {
            "loss_per_epoch": [
                2.000071932645558,
                0.7829604338967865,
                0.616239559593655,
                0.5342307423515069,
                0.4822046629111025
            ],
            "acc_per_epoch": [
                0.5337041884816754,
                0.7718574267985263,
                0.8193474888501066,
                0.8422714271863486,
                0.8568753635834788
            ]
        },
        "val": {
            "loss_per_epoch": [
                0.7961656020103394,
                0.5488653785525959,
                0.4548427566943096,
                0.4019904827359747,
                0.36695369926762006
            ],
            "acc_per_epoch": [
                0.7643312101910829,
                0.835390127388535,
                0.8630573248407644,
                0.879578025477707,
                0.8893312101910829
            ]
        }
    }
}