{
    "datetime": "18-11-2022 13:44:36",
    "batch_size": 32,
    "learning_rate": 0.01,
    "layer_sizes": {
        "n_inputs": 784,
        "n_hidden": 300,
        "n_outputs": 10
    },
    "mean_stats": {
        "train": {
            "loss_per_epoch": [
                1.8978150772111515,
                0.8035165414310175,
                0.630617977567047,
                0.5433393897383366,
                0.4875978743948875
            ],
            "acc_per_epoch": [
                0.5425453267403529,
                0.7690093562148536,
                0.8174689742098119,
                0.842344143882102,
                0.8579782334690711
            ]
        },
        "val": {
            "loss_per_epoch": [
                0.8047664226281727,
                0.5599543247342552,
                0.46572691398282895,
                0.41339171534662317,
                0.3791815417558462
            ],
            "acc_per_epoch": [
                0.7623407643312102,
                0.8298168789808917,
                0.86046974522293,
                0.8771894904458599,
                0.8883359872611465
            ]
        }
    }
}