{
    "datetime": "18-11-2022 14:00:10",
    "batch_size": 1,
    "learning_rate": 0.001,
    "layer_sizes": {
        "n_inputs": 784,
        "n_hidden": 300,
        "n_outputs": 10
    },
    "mean_stats": {
        "train": {
            "loss_per_epoch": [
                1.041553535856544,
                0.4705186891459181,
                0.37839720023379303,
                0.32763997325247896,
                0.2937344408162556
            ],
            "acc_per_epoch": [
                0.7272363636363637,
                0.8640909090909091,
                0.8894727272727273,
                0.9034727272727273,
                0.9132363636363636
            ]
        },
        "val": {
            "loss_per_epoch": [
                0.4468938346245998,
                0.3401881334240263,
                0.29272564822759334,
                0.2639330890863871,
                0.2439172429819765
            ],
            "acc_per_epoch": [
                0.8746,
                0.9028,
                0.915,
                0.9222,
                0.93
            ]
        }
    }
}