{
    "datetime": "18-11-2022 14:10:09",
    "batch_size": 1,
    "learning_rate": 0.001,
    "layer_sizes": {
        "n_inputs": 784,
        "n_hidden": 300,
        "n_outputs": 10
    },
    "mean_stats": {
        "train": {
            "loss_per_epoch": [
                1.1130286407846626,
                0.48338136934101006,
                0.3887842057723093,
                0.33784148620369636,
                0.3038167409375758
            ],
            "acc_per_epoch": [
                0.7142545454545455,
                0.8596181818181818,
                0.8875090909090909,
                0.9019636363636364,
                0.9122363636363636
            ]
        },
        "val": {
            "loss_per_epoch": [
                0.45545551066976725,
                0.3512637766338079,
                0.3060305092512655,
                0.27861268457823485,
                0.2593750336302534
            ],
            "acc_per_epoch": [
                0.8686,
                0.8994,
                0.911,
                0.9172,
                0.9234
            ]
        }
    }
}