{
    "datetime": "18-11-2022 14:20:30",
    "batch_size": 1,
    "learning_rate": 0.001,
    "layer_sizes": {
        "n_inputs": 784,
        "n_hidden": 300,
        "n_outputs": 10
    },
    "mean_stats": {
        "train": {
            "loss_per_epoch": [
                1.1092577634532046,
                0.476064182698575,
                0.38212992563531295,
                0.33140912720665383,
                0.29760068230551745
            ],
            "acc_per_epoch": [
                0.7193272727272727,
                0.8625818181818182,
                0.8896363636363637,
                0.9037272727272727,
                0.9130181818181818
            ]
        },
        "val": {
            "loss_per_epoch": [
                0.4529712162249465,
                0.34493429915525664,
                0.2973442313137677,
                0.2684574727111741,
                0.24828914861949897
            ],
            "acc_per_epoch": [
                0.8702,
                0.9018,
                0.9178,
                0.9244,
                0.93
            ]
        }
    }
}