{
    "datetime": "18-11-2022 14:30:09",
    "batch_size": 1,
    "learning_rate": 0.001,
    "layer_sizes": {
        "n_inputs": 784,
        "n_hidden": 300,
        "n_outputs": 10
    },
    "mean_stats": {
        "train": {
            "loss_per_epoch": [
                1.1007654808295244,
                0.46878963678151375,
                0.3784882397886399,
                0.3293936500479851,
                0.29643223637666416
            ],
            "acc_per_epoch": [
                0.7158,
                0.8624545454545455,
                0.8892,
                0.9032181818181818,
                0.9125636363636364
            ]
        },
        "val": {
            "loss_per_epoch": [
                0.4720106124805201,
                0.35781535026163,
                0.30842349088727344,
                0.2787363868472072,
                0.2582682148343287
            ],
            "acc_per_epoch": [
                0.865,
                0.8996,
                0.9146,
                0.9196,
                0.9248
            ]
        }
    }
}