{
    "datetime": "18-11-2022 14:40:34",
    "batch_size": 1,
    "learning_rate": 0.001,
    "layer_sizes": {
        "n_inputs": 784,
        "n_hidden": 300,
        "n_outputs": 10
    },
    "mean_stats": {
        "train": {
            "loss_per_epoch": [
                1.0875024820674748,
                0.47914310267156496,
                0.38663685115471896,
                0.3358717349952435,
                0.3016786538100394
            ],
            "acc_per_epoch": [
                0.7205636363636364,
                0.862,
                0.8875818181818181,
                0.9024909090909091,
                0.9116545454545455
            ]
        },
        "val": {
            "loss_per_epoch": [
                0.44361634183723925,
                0.34217627609744095,
                0.29819052253556655,
                0.27112036875389706,
                0.2519737943219044
            ],
            "acc_per_epoch": [
                0.8666,
                0.8982,
                0.9112,
                0.92,
                0.9246
            ]
        }
    }
}