{
    "datetime": "18-11-2022 14:50:23",
    "batch_size": 1,
    "learning_rate": 0.003,
    "layer_sizes": {
        "n_inputs": 784,
        "n_hidden": 300,
        "n_outputs": 10
    },
    "mean_stats": {
        "train": {
            "loss_per_epoch": [
                0.6627979996960872,
                0.3166709254438928,
                0.2510071045191849,
                0.21324918264473136,
                0.1872028243123128
            ],
            "acc_per_epoch": [
                0.8190545454545455,
                0.9070181818181818,
                0.9260727272727273,
                0.9369818181818181,
                0.9449818181818181
            ]
        },
        "val": {
            "loss_per_epoch": [
                0.3210367253157089,
                0.25697732559352116,
                0.2255837185318416,
                0.20514650347090918,
                0.1904621918814218
            ],
            "acc_per_epoch": [
                0.9084,
                0.9242,
                0.9334,
                0.9398,
                0.9448
            ]
        }
    }
}