{
    "datetime": "18-11-2022 15:01:18",
    "batch_size": 1,
    "learning_rate": 0.003,
    "layer_sizes": {
        "n_inputs": 784,
        "n_hidden": 300,
        "n_outputs": 10
    },
    "mean_stats": {
        "train": {
            "loss_per_epoch": [
                0.690529505964204,
                0.32343311327748075,
                0.2555930595151015,
                0.2166087103871844,
                0.1898578085947192
            ],
            "acc_per_epoch": [
                0.815509090909091,
                0.9062,
                0.9246181818181818,
                0.9356,
                0.9442909090909091
            ]
        },
        "val": {
            "loss_per_epoch": [
                0.31061905821790964,
                0.2518592908333275,
                0.22219590970374342,
                0.20334929174416513,
                0.19021118692016634
            ],
            "acc_per_epoch": [
                0.9142,
                0.9284,
                0.936,
                0.9412,
                0.946
            ]
        }
    }
}