{
    "datetime": "18-11-2022 15:11:26",
    "batch_size": 1,
    "learning_rate": 0.003,
    "layer_sizes": {
        "n_inputs": 784,
        "n_hidden": 300,
        "n_outputs": 10
    },
    "mean_stats": {
        "train": {
            "loss_per_epoch": [
                0.6582935568101043,
                0.3228519993313451,
                0.2558587528233987,
                0.2169062110519206,
                0.19006801693252828
            ],
            "acc_per_epoch": [
                0.8193090909090909,
                0.9051636363636364,
                0.9249454545454545,
                0.936,
                0.9435636363636364
            ]
        },
        "val": {
            "loss_per_epoch": [
                0.33113079700944664,
                0.26354187438307447,
                0.23040489319893845,
                0.20941400093113735,
                0.1945934916243159
            ],
            "acc_per_epoch": [
                0.9036,
                0.9218,
                0.9336,
                0.9386,
                0.9432
            ]
        }
    }
}