{
    "datetime": "18-11-2022 15:20:19",
    "batch_size": 1,
    "learning_rate": 0.003,
    "layer_sizes": {
        "n_inputs": 784,
        "n_hidden": 300,
        "n_outputs": 10
    },
    "mean_stats": {
        "train": {
            "loss_per_epoch": [
                0.6549504568867184,
                0.31765315679436057,
                0.25284374402949783,
                0.21498558446149424,
                0.18869799564206355
            ],
            "acc_per_epoch": [
                0.8221454545454545,
                0.9080363636363636,
                0.9260181818181819,
                0.9360909090909091,
                0.9442363636363637
            ]
        },
        "val": {
            "loss_per_epoch": [
                0.3013226355019472,
                0.24184581876504754,
                0.21409101872409386,
                0.19714738439113563,
                0.18541302309363591
            ],
            "acc_per_epoch": [
                0.9118,
                0.9294,
                0.9386,
                0.9428,
                0.9474
            ]
        }
    }
}