{
    "datetime": "18-11-2022 15:29:52",
    "batch_size": 1,
    "learning_rate": 0.003,
    "layer_sizes": {
        "n_inputs": 784,
        "n_hidden": 300,
        "n_outputs": 10
    },
    "mean_stats": {
        "train": {
            "loss_per_epoch": [
                0.6709332108064557,
                0.3217165004086818,
                0.25530692981801933,
                0.21693247156927004,
                0.19040913541595672
            ],
            "acc_per_epoch": [
                0.8170909090909091,
                0.9047636363636363,
                0.9241636363636364,
                0.9358181818181818,
                0.9434545454545454
            ]
        },
        "val": {
            "loss_per_epoch": [
                0.2960693872641685,
                0.2363683949020353,
                0.20731776933150894,
                0.18848656556584797,
                0.17500745528005687
            ],
            "acc_per_epoch": [
                0.9142,
                0.9334,
                0.9416,
                0.9456,
                0.948
            ]
        }
    }
}