{
    "datetime": "18-11-2022 15:43:12",
    "batch_size": 1,
    "learning_rate": 0.01,
    "layer_sizes": {
        "n_inputs": 784,
        "n_hidden": 300,
        "n_outputs": 10
    },
    "mean_stats": {
        "train": {
            "loss_per_epoch": [
                0.4722810026682754,
                0.2148802996344873,
                0.1563694945052136,
                0.12279932813990668,
                0.100152763047758
            ],
            "acc_per_epoch": [
                0.8718,
                0.9372545454545455,
                0.9543636363636364,
                0.9644545454545455,
                0.9715636363636364
            ]
        },
        "val": {
            "loss_per_epoch": [
                0.22435237309678996,
                0.19160025557437002,
                0.17193287720596945,
                0.1588330222244696,
                0.150403455457776
            ],
            "acc_per_epoch": [
                0.9384,
                0.9464,
                0.9506,
                0.9562,
                0.9572
            ]
        }
    }
}