{
    "datetime": "18-11-2022 15:53:38",
    "batch_size": 1,
    "learning_rate": 0.01,
    "layer_sizes": {
        "n_inputs": 784,
        "n_hidden": 300,
        "n_outputs": 10
    },
    "mean_stats": {
        "train": {
            "loss_per_epoch": [
                0.44471345309623894,
                0.2041884511186603,
                0.14806013350226363,
                0.11659309396444575,
                0.09533088608041225
            ],
            "acc_per_epoch": [
                0.8773636363636363,
                0.9397454545454546,
                0.9551454545454545,
                0.9656,
                0.9721818181818181
            ]
        },
        "val": {
            "loss_per_epoch": [
                0.22762098050071417,
                0.18634408927106752,
                0.16600378165042495,
                0.15236448224665036,
                0.14215293611145052
            ],
            "acc_per_epoch": [
                0.9352,
                0.9448,
                0.9492,
                0.9556,
                0.9586
            ]
        }
    }
}