{
    "datetime": "18-11-2022 16:02:41",
    "batch_size": 1,
    "learning_rate": 0.01,
    "layer_sizes": {
        "n_inputs": 784,
        "n_hidden": 300,
        "n_outputs": 10
    },
    "mean_stats": {
        "train": {
            "loss_per_epoch": [
                0.44981523358045783,
                0.20610261857117138,
                0.150794200712586,
                0.11887924711888928,
                0.0970051107871663
            ],
            "acc_per_epoch": [
                0.8751818181818182,
                0.9396909090909091,
                0.9556363636363636,
                0.9652181818181819,
                0.9726363636363636
            ]
        },
        "val": {
            "loss_per_epoch": [
                0.21877450949767677,
                0.18080236197391736,
                0.16209076800751276,
                0.14920312276282163,
                0.1398437182497424
            ],
            "acc_per_epoch": [
                0.9394,
                0.9484,
                0.9524,
                0.9562,
                0.9608
            ]
        }
    }
}