{
    "datetime": "18-11-2022 16:13:38",
    "batch_size": 1,
    "learning_rate": 0.01,
    "layer_sizes": {
        "n_inputs": 784,
        "n_hidden": 300,
        "n_outputs": 10
    },
    "mean_stats": {
        "train": {
            "loss_per_epoch": [
                0.45094315312591576,
                0.20945396206222808,
                0.15452454846111338,
                0.12260453132934468,
                0.1005741178765896
            ],
            "acc_per_epoch": [
                0.8762,
                0.938,
                0.9542545454545455,
                0.9643454545454545,
                0.9716363636363636
            ]
        },
        "val": {
            "loss_per_epoch": [
                0.21903723233820888,
                0.16573034972474412,
                0.14459165542057917,
                0.1349724534255128,
                0.12994852621700512
            ],
            "acc_per_epoch": [
                0.9352,
                0.95,
                0.9582,
                0.9614,
                0.9644
            ]
        }
    }
}