{
    "datetime": "18-11-2022 16:24:23",
    "batch_size": 1,
    "learning_rate": 0.01,
    "layer_sizes": {
        "n_inputs": 784,
        "n_hidden": 300,
        "n_outputs": 10
    },
    "mean_stats": {
        "train": {
            "loss_per_epoch": [
                0.4576321236423992,
                0.20875928498243698,
                0.15146425109637296,
                0.11907908192524107,
                0.0970173437894692
            ],
            "acc_per_epoch": [
                0.8746181818181819,
                0.9396909090909091,
                0.9562,
                0.9657636363636364,
                0.9725454545454545
            ]
        },
        "val": {
            "loss_per_epoch": [
                0.21925592831788449,
                0.18131461719413738,
                0.1620758325943002,
                0.1475046611891718,
                0.13658325224220902
            ],
            "acc_per_epoch": [
                0.936,
                0.9454,
                0.9488,
                0.953,
                0.9578
            ]
        }
    }
}