{
    "datetime": "18-11-2022 16:34:55",
    "batch_size": 1,
    "learning_rate": 0.03,
    "layer_sizes": {
        "n_inputs": 784,
        "n_hidden": 300,
        "n_outputs": 10
    },
    "mean_stats": {
        "train": {
            "loss_per_epoch": [
                0.4040724762806706,
                0.16390194514972242,
                0.10202846067009937,
                0.06626149284908602,
                0.043034579814752665
            ],
            "acc_per_epoch": [
                0.8981090909090909,
                0.9538,
                0.9704545454545455,
                0.9807272727272728,
                0.9881818181818182
            ]
        },
        "val": {
            "loss_per_epoch": [
                0.1786885049488706,
                0.13826198294191527,
                0.1255678311605937,
                0.12168936891875619,
                0.12248797515913602
            ],
            "acc_per_epoch": [
                0.9516,
                0.9626,
                0.9668,
                0.9658,
                0.9678
            ]
        }
    }
}