{
    "datetime": "18-11-2022 16:44:28",
    "batch_size": 1,
    "learning_rate": 0.03,
    "layer_sizes": {
        "n_inputs": 784,
        "n_hidden": 300,
        "n_outputs": 10
    },
    "mean_stats": {
        "train": {
            "loss_per_epoch": [
                0.4102847200269124,
                0.15955697062000154,
                0.09771778253425091,
                0.06349560468131828,
                0.04164101784210838
            ],
            "acc_per_epoch": [
                0.8967272727272727,
                0.9548363636363636,
                0.9716727272727272,
                0.9817818181818182,
                0.9885818181818182
            ]
        },
        "val": {
            "loss_per_epoch": [
                0.1783263956152053,
                0.16201993699570508,
                0.1329062042478558,
                0.13072501035022527,
                0.12573875314559185
            ],
            "acc_per_epoch": [
                0.954,
                0.955,
                0.9638,
                0.9644,
                0.965
            ]
        }
    }
}