{
    "datetime": "18-11-2022 16:54:00",
    "batch_size": 1,
    "learning_rate": 0.03,
    "layer_sizes": {
        "n_inputs": 784,
        "n_hidden": 300,
        "n_outputs": 10
    },
    "mean_stats": {
        "train": {
            "loss_per_epoch": [
                0.4128359949912319,
                0.16201191684681918,
                0.09932680970814604,
                0.06494217956750535,
                0.04280088140222553
            ],
            "acc_per_epoch": [
                0.8978545454545455,
                0.9539636363636363,
                0.9703818181818182,
                0.9812363636363637,
                0.9884727272727273
            ]
        },
        "val": {
            "loss_per_epoch": [
                0.2251710022400057,
                0.15681469165636144,
                0.15517402456426088,
                0.13938653967782513,
                0.136260897133669
            ],
            "acc_per_epoch": [
                0.9394,
                0.959,
                0.9588,
                0.9654,
                0.9666
            ]
        }
    }
}