{
    "datetime": "18-11-2022 17:03:44",
    "batch_size": 1,
    "learning_rate": 0.03,
    "layer_sizes": {
        "n_inputs": 784,
        "n_hidden": 300,
        "n_outputs": 10
    },
    "mean_stats": {
        "train": {
            "loss_per_epoch": [
                0.40504386327183844,
                0.15793807942000815,
                0.09544850333610418,
                0.06191176983301231,
                0.04157003448224485
            ],
            "acc_per_epoch": [
                0.9007090909090909,
                0.9556363636363636,
                0.9732727272727273,
                0.9826181818181818,
                0.9892545454545455
            ]
        },
        "val": {
            "loss_per_epoch": [
                0.19795124871553083,
                0.14042143474005508,
                0.13006324456114124,
                0.13191013420279624,
                0.1232551778153869
            ],
            "acc_per_epoch": [
                0.949,
                0.964,
                0.9656,
                0.9674,
                0.9704
            ]
        }
    }
}