{
    "datetime": "18-11-2022 17:15:15",
    "batch_size": 1,
    "learning_rate": 0.03,
    "layer_sizes": {
        "n_inputs": 784,
        "n_hidden": 300,
        "n_outputs": 10
    },
    "mean_stats": {
        "train": {
            "loss_per_epoch": [
                0.4031245979620552,
                0.16060243839619057,
                0.09870922511240388,
                0.06559348905230344,
                0.044599397448284624
            ],
            "acc_per_epoch": [
                0.8973818181818182,
                0.9548909090909091,
                0.9716545454545454,
                0.9818545454545454,
                0.9880363636363636
            ]
        },
        "val": {
            "loss_per_epoch": [
                0.21841492802993454,
                0.1651633108987918,
                0.14466737556681208,
                0.13723942454409693,
                0.13560754048164633
            ],
            "acc_per_epoch": [
                0.9404,
                0.956,
                0.9632,
                0.9624,
                0.9636
            ]
        }
    }
}